nonprofit_id,nonprofit_name,cause_category,created_at
1,Nonprofit 1,Arts & Culture,2024-05-26 14:01:00
2,Nonprofit 2,Animal Welfare,2024-11-27 00:14:52
3,Nonprofit 3,Human Services,2024-07-31 21:01:26
4,Nonprofit 4,Environment,2024-07-25 18:51:56
5,Nonprofit 5,Environment,2024-03-15 14:31:00
6,Nonprofit 6,Health,2025-04-01 22:43:55
7,Nonprofit 7,Human Services,2024-02-24 02:39:55
8,Nonprofit 8,Environment,2024-12-19 21:22:26
9,Nonprofit 9,Environment,2024-04-04 02:45:26
10,Nonprofit 10,Disaster Relief,2024-10-24 20:32:37
11,Nonprofit 11,Arts & Culture,2024-01-05 10:55:03
12,Nonprofit 12,Health,2025-01-20 00:43:45
13,Nonprofit 13,Animal Welfare,2024-10-31 18:24:10
14,Nonprofit 14,Environment,2024-08-02 15:33:43
15,Nonprofit 15,Disaster Relief,2025-03-28 06:33:32
16,Nonprofit 16,Education,2024-03-24 21:43:53
17,Nonprofit 17,Education,2024-06-18 16:06:16
18,Nonprofit 18,Animal Welfare,2024-01-18 19:58:30
19,Nonprofit 19,Human Services,2025-03-03 02:13:38
20,Nonprofit 20,Health,2024-12-04 20:56:06
21,Nonprofit 21,Disaster Relief,2024-02-19 16:52:09
22,Nonprofit 22,Arts & Culture,2024-03-30 17:03:01
23,Nonprofit 23,Disaster Relief,2025-02-06 05:56:00
24,Nonprofit 24,Education,2025-02-15 00:58:36
25,Nonprofit 25,Education,2024-05-27 20:02:35
26,Nonprofit 26,Animal Welfare,2024-06-17 20:25:01
27,Nonprofit 27,Human Services,2025-06-03 12:27:50
28,Nonprofit 28,Human Services,2025-06-06 14:50:48
29,Nonprofit 29,Animal Welfare,2025-02-01 05:46:00
30,Nonprofit 30,Disaster Relief,2025-03-16 13:17:20
31,Nonprofit 31,Education,2024-01-06 00:39:28
32,Nonprofit 32,Disaster Relief,2024-05-18 08:46:42
33,Nonprofit 33,Disaster Relief,2024-11-09 12:03:17
34,Nonprofit 34,Health,2024-07-08 11:16:33
35,Nonprofit 35,Education,2025-04-03 16:51:21
36,Nonprofit 36,Human Services,2024-08-14 23:42:19
37,Nonprofit 37,Arts & Culture,2024-01-14 12:18:18
38,Nonprofit 38,Disaster Relief,2024-10-24 06:00:00
39,Nonprofit 39,Education,2024-08-26 01:28:32
40,Nonprofit 40,Disaster Relief,2024-11-04 11:53:48
41,Nonprofit 41,Health,2025-01-09 06:50:59
42,Nonprofit 42,Environment,2025-02-26 07:37:23
43,Nonprofit 43,Education,2025-03-08 17:32:50
44,Nonprofit 44,Animal Welfare,2025-05-25 13:51:36
45,Nonprofit 45,Environment,2025-05-06 14:23:09
46,Nonprofit 46,Disaster Relief,2024-07-15 22:33:02
47,Nonprofit 47,Animal Welfare,2024-12-09 13:36:26
48,Nonprofit 48,Animal Welfare,2024-12-18 16:36:32
49,Nonprofit 49,Animal Welfare,2024-10-28 06:59:02
50,Nonprofit 50,Education,2024-03-20 14:17:17
51,Nonprofit 51,Human Services,2024-09-02 04:45:16
52,Nonprofit 52,Disaster Relief,2024-04-07 21:12:03
53,Nonprofit 53,Environment,2024-04-11 21:55:48
54,Nonprofit 54,Health,2024-11-14 15:49:45
55,Nonprofit 55,Human Services,2024-10-14 03:44:52
56,Nonprofit 56,Disaster Relief,2024-08-16 12:36:37
57,Nonprofit 57,Education,2024-04-30 22:24:03
58,Nonprofit 58,Animal Welfare,2024-11-06 12:43:49
59,Nonprofit 59,Health,2025-04-17 21:28:19
60,Nonprofit 60,Disaster Relief,2024-12-29 14:05:08
61,Nonprofit 61,Environment,2024-05-23 15:22:14
62,Nonprofit 62,Disaster Relief,2024-10-18 12:53:39
63,Nonprofit 63,Human Services,2024-01-20 03:10:05
64,Nonprofit 64,Arts & Culture,2024-11-07 02:09:39
65,Nonprofit 65,Human Services,2024-10-26 05:57:01
66,Nonprofit 66,Disaster Relief,2024-07-01 20:43:59
67,Nonprofit 67,Health,2024-09-08 11:09:07
68,Nonprofit 68,Disaster Relief,2024-03-02 02:42:36
69,Nonprofit 69,Disaster Relief,2024-07-03 07:49:27
70,Nonprofit 70,Education,2024-11-15 05:02:15
71,Nonprofit 71,Environment,2024-05-31 07:19:30
72,Nonprofit 72,Health,2024-11-29 12:06:48
73,Nonprofit 73,Disaster Relief,2024-10-18 09:25:38
74,Nonprofit 74,Animal Welfare,2024-08-07 00:03:44
75,Nonprofit 75,Environment,2024-11-11 15:03:29
